id,label,gender
1,Siem Sigerius,1
2,Aaron Bever,1
3,Joni Sigerius,2
4,Wilbert Sigerius,1
5,Margriet Wijn,2
6,Tineke Sigerius,2
7,Meryl Dryzak/Bobbi Red,2
8,Boudewijn Stol,1
9,Mike Stol,1
10,Timo,1
11,Janis Sigerius,2
12,Ennio Aaltink,1
13,Rusty Wells,1
14,Frederik Olde Kannegieter,1
15,Isabelle Orthel,2
16,Menno Wijn,1
17,Murk van der Doelen,1
18,Bj√∂rn Knaak,1
19,Elizabeth Haitink,2
20,Brigitte,2
21,Etienne Vaessen,1
22,Ria,2
23,Steven Soderbergh/Steve,1
24,Kristin Rose,2
25,Vivianne Hiddink,2
26,Gerrit,1
27,Scott/Scotty,1
28,Freek,1
29,Theun Beers,1
30,Joy,2
31,Jon Bluming,1
32,Tyra Banks,2
33,Maurice,1
34,Henk Blaauwbroek,1
35,Hans,1
36,Ankie,2
37,Hendrik,1
38,Thijmen Akkerman,1
39,Vloet,1
40,Ronnie Raamsdonk,1
41,Betty,2
42,Sebastiaan,1
43,Loes,2
44,John Tyronne,1
45,Hiro Obayashi,1
46,Jacob,1
47,Linda,2
48,Victor Sotomayor,1
49,Mirjam,2
50,Rufus Koperslager,1